<?xml version="1.0" encoding="UTF-8"?>
<project-private xmlns="http://www.netbeans.org/ns/project-private/1">
    <editor-bookmarks xmlns="http://www.netbeans.org/ns/editor-bookmarks/2" lastBookmarkId="0"/>
    <open-files xmlns="http://www.netbeans.org/ns/projectui-open-files/2">
        <group>
            <file>file:/C:/Users/Dr1mm/Downloads/EatYourArtOut-master/EatYourArtOut-master/testingGround1/src/team1Project/Colors.java</file>
            <file>file:/C:/Users/Dr1mm/Downloads/EatYourArtOut-master/EatYourArtOut-master/testingGround1/src/team1Project/History.java</file>
            <file>file:/C:/Users/Dr1mm/Downloads/EatYourArtOut-master/EatYourArtOut-master/testingGround1/src/team1Project/DaGUI.java</file>
            <file>file:/C:/Users/Dr1mm/Downloads/EatYourArtOut-master/EatYourArtOut-master/testingGround1/src/team1Project/Team1Project.java</file>
            <file>file:/C:/Users/Dr1mm/Downloads/EatYourArtOut-master/EatYourArtOut-master/testingGround1/src/team1Project/Numbers.java</file>
            <file>file:/C:/Users/Dr1mm/Downloads/EatYourArtOut-master/EatYourArtOut-master/testingGround1/src/team1Project/Display.java</file>
        </group>
    </open-files>
</project-private>
